location,iso_code,date,total_vaccinations,people_vaccinated,people_fully_vaccinated,total_boosters,daily_vaccinations_raw,daily_vaccinations,total_vaccinations_per_hundred,people_vaccinated_per_hundred,people_fully_vaccinated_per_hundred,total_boosters_per_hundred,daily_vaccinations_per_million,daily_people_vaccinated,daily_people_vaccinated_per_hundred
Vietnam,VNM,2021-03-07,0,0,,,,,0.0,0.0,,,,,
Vietnam,VNM,2021-03-08,377,377,,,377,377,0.0,0.0,,,4,377,0.0
Vietnam,VNM,2021-03-09,522,522,,,145,261,0.0,0.0,,,3,261,0.0
Vietnam,VNM,2021-03-10,955,955,,,433,318,0.0,0.0,,,3,318,0.0
Vietnam,VNM,2021-03-11,1585,1585,,,630,396,0.0,0.0,,,4,396,0.0
Vietnam,VNM,2021-03-12,5248,5248,,,3663,1050,0.01,0.01,,,11,1050,0.001
Vietnam,VNM,2021-03-13,10041,10041,,,4793,1674,0.01,0.01,,,17,1674,0.002
Vietnam,VNM,2021-03-14,11605,11605,,,1564,1658,0.01,0.01,,,17,1658,0.002
Vietnam,VNM,2021-03-15,15865,15865,,,4260,2213,0.02,0.02,,,23,2213,0.002
Vietnam,VNM,2021-03-16,20695,20695,,,4830,2882,0.02,0.02,,,29,2882,0.003
Vietnam,VNM,2021-03-17,24054,24054,,,3359,3300,0.02,0.02,,,34,3300,0.003
Vietnam,VNM,2021-03-18,27546,27546,,,3492,3709,0.03,0.03,,,38,3709,0.004
Vietnam,VNM,2021-03-19,30971,30971,,,3425,3675,0.03,0.03,,,37,3675,0.004
Vietnam,VNM,2021-03-20,32361,32361,,,1390,3189,0.03,0.03,,,32,3189,0.003
Vietnam,VNM,2021-03-21,33891,33891,,,1530,3184,0.03,0.03,,,32,3184,0.003
Vietnam,VNM,2021-03-22,36082,36082,,,2191,2888,0.04,0.04,,,29,2888,0.003
Vietnam,VNM,2021-03-23,37911,37911,,,1829,2459,0.04,0.04,,,25,2459,0.003
Vietnam,VNM,2021-03-24,39817,39817,,,1906,2252,0.04,0.04,,,23,2252,0.002
Vietnam,VNM,2021-03-25,42225,42225,,,2408,2097,0.04,0.04,,,21,2097,0.002
Vietnam,VNM,2021-03-26,44000,44000,,,1775,1861,0.04,0.04,,,19,1861,0.002
Vietnam,VNM,2021-03-27,44278,44278,,,278,1702,0.05,0.05,,,17,1702,0.002
Vietnam,VNM,2021-03-28,45140,45140,,,862,1607,0.05,0.05,,,16,1607,0.002
Vietnam,VNM,2021-03-29,46416,46416,,,1276,1476,0.05,0.05,,,15,1476,0.002
Vietnam,VNM,2021-03-30,48256,48256,,,1840,1478,0.05,0.05,,,15,1478,0.002
Vietnam,VNM,2021-03-31,49743,49743,,,1487,1418,0.05,0.05,,,14,1418,0.001
Vietnam,VNM,2021-04-01,51216,51216,,,1473,1284,0.05,0.05,,,13,1284,0.001
Vietnam,VNM,2021-04-02,52091,52091,,,875,1156,0.05,0.05,,,12,1156,0.001
Vietnam,VNM,2021-04-03,52335,52335,,,244,1151,0.05,0.05,,,12,1151,0.001
Vietnam,VNM,2021-04-04,52413,52413,,,78,1039,0.05,0.05,,,11,1039,0.001
Vietnam,VNM,2021-04-05,52868,52868,,,455,922,0.05,0.05,,,9,922,0.001
Vietnam,VNM,2021-04-06,53953,53953,,,1085,814,0.05,0.05,,,8,814,0.001
Vietnam,VNM,2021-04-07,55151,55151,,,1198,773,0.06,0.06,,,8,773,0.001
Vietnam,VNM,2021-04-08,56359,,,,1208,735,0.06,,,,7,768,0.001
Vietnam,VNM,2021-04-09,58037,58037,,,1678,849,0.06,0.06,,,9,849,0.001
Vietnam,VNM,2021-04-10,58248,58248,,,211,845,0.06,0.06,,,9,845,0.001
Vietnam,VNM,2021-04-11,58418,58418,,,170,858,0.06,0.06,,,9,858,0.001
Vietnam,VNM,2021-04-12,59249,59249,,,831,912,0.06,0.06,,,9,912,0.001
Vietnam,VNM,2021-04-13,60139,60139,,,890,884,0.06,0.06,,,9,884,0.001
Vietnam,VNM,2021-04-14,62028,62028,,,1889,982,0.06,0.06,,,10,982,0.001
Vietnam,VNM,2021-04-15,63758,63758,,,1730,1057,0.06,0.06,,,11,1023,0.001
Vietnam,VNM,2021-04-16,66366,66366,,,2608,1190,0.07,0.07,,,12,1190,0.001
Vietnam,VNM,2021-04-17,67789,67789,,,1423,1363,0.07,0.07,,,14,1363,0.001
Vietnam,VNM,2021-04-18,79182,79182,,,11393,2966,0.08,0.08,,,30,2966,0.003
Vietnam,VNM,2021-04-19,80857,80857,,,1675,3087,0.08,0.08,,,31,3087,0.003
Vietnam,VNM,2021-04-20,106929,106929,,,26072,6684,0.11,0.11,,,68,6684,0.007
Vietnam,VNM,2021-04-21,108897,108897,,,1968,6696,0.11,0.11,,,68,6696,0.007
Vietnam,VNM,2021-04-22,128610,128610,,,19713,9265,0.13,0.13,,,94,9265,0.009
Vietnam,VNM,2021-04-23,176037,176037,,,47427,15667,0.18,0.18,,,160,15667,0.016
Vietnam,VNM,2021-04-24,198972,198972,,,22935,18740,0.2,0.2,,,191,18740,0.019
Vietnam,VNM,2021-04-25,209632,209632,,,10660,18636,0.21,0.21,,,190,18636,0.019
Vietnam,VNM,2021-04-26,259736,259736,,,50104,25554,0.26,0.26,,,260,25554,0.026
Vietnam,VNM,2021-04-27,318792,318792,,,59056,30266,0.32,0.32,,,308,30266,0.031
Vietnam,VNM,2021-04-28,425638,425638,,,106846,45249,0.43,0.43,,,461,45249,0.046
Vietnam,VNM,2021-04-29,506435,506435,,,80797,53975,0.52,0.52,,,550,53975,0.055
Vietnam,VNM,2021-04-30,519262,509855,9407,,12827,49032,0.53,0.52,0.01,,499,47688,0.049
Vietnam,VNM,2021-05-01,,511435,,,,51087,,0.52,,,520,44638,0.045
Vietnam,VNM,2021-05-02,,532247,,,,54895,,0.54,,,559,46088,0.047
Vietnam,VNM,2021-05-03,,539062,,,,53069,,0.55,,,541,39904,0.041
Vietnam,VNM,2021-05-04,,585539,,,,49964,,0.6,,,509,38107,0.039
Vietnam,VNM,2021-05-05,,675956,,,,40031,,0.69,,,408,35760,0.036
Vietnam,VNM,2021-05-06,,747827,,,,33820,,0.76,,,345,34485,0.035
Vietnam,VNM,2021-05-07,,801957,,,,37319,,0.82,,,380,41729,0.043
Vietnam,VNM,2021-05-08,,832635,,,,37319,,0.85,,,380,45886,0.047
Vietnam,VNM,2021-05-09,,851513,,,,37319,,0.87,,,380,45609,0.046
Vietnam,VNM,2021-05-10,892454,,,,,37319,0.91,,,,380,47221,0.048
Vietnam,VNM,2021-05-11,,887705,,,,35529,,0.9,,,362,43167,0.044
Vietnam,VNM,2021-05-12,942030,,,,,33739,0.96,,,,344,33152,0.034
Vietnam,VNM,2021-05-13,959182,,,,17152,30858,0.98,,,,314,25787,0.026
Vietnam,VNM,2021-05-14,969697,948655,21042,,10515,27029,0.99,0.97,0.02,,275,20957,0.021
Vietnam,VNM,2021-05-15,977032,954520,22512,,7335,22745,1.0,0.97,0.02,,232,17412,0.018
Vietnam,VNM,2021-05-16,979238,956677,22561,,2206,17729,1.0,0.97,0.02,,181,15023,0.015
Vietnam,VNM,2021-05-17,,,,,,14695,,,,,150,14286,0.015
Vietnam,VNM,2021-05-18,1011395,982543,28852,,,13450,1.03,1.0,0.03,,137,13548,0.014
Vietnam,VNM,2021-05-19,,,,,,10490,,,,,107,11223,0.011
Vietnam,VNM,2021-05-20,,,,,,8621,,,,,88,8897,0.009
Vietnam,VNM,2021-05-21,,,,,,7699,,,,,78,6572,0.007
Vietnam,VNM,2021-05-22,1027659,998698,28961,,,7232,1.05,1.02,0.03,,74,6311,0.006
Vietnam,VNM,2021-05-23,,,,,,7175,,,,,73,6260,0.006
Vietnam,VNM,2021-05-24,,,,,,5135,,,,,52,4670,0.005
Vietnam,VNM,2021-05-25,,,,,,3096,,,,,32,3080,0.003
Vietnam,VNM,2021-05-26,1034867,1005906,28961,,,2772,1.05,1.02,0.03,,28,2761,0.003
Vietnam,VNM,2021-05-27,,,,,,4112,,,,,42,4058,0.004
Vietnam,VNM,2021-05-28,,,,,,5452,,,,,56,5355,0.005
Vietnam,VNM,2021-05-29,,,,,,6792,,,,,69,6652,0.007
Vietnam,VNM,2021-05-30,,,,,,8456,,,,,86,8268,0.008
Vietnam,VNM,2021-05-31,1102099,1071497,30602,,,10119,1.12,1.09,0.03,,103,9885,0.01
Vietnam,VNM,2021-06-01,,,,,,10434,,,,,106,10159,0.01
Vietnam,VNM,2021-06-02,1110111,1078934,31177,,,10749,1.13,1.1,0.03,,109,10433,0.011
Vietnam,VNM,2021-06-03,1156056,1124505,31551,,45945,15392,1.18,1.15,0.03,,157,15069,0.015
Vietnam,VNM,2021-06-04,1217607,1185206,32401,,61551,22264,1.24,1.21,0.03,,227,21866,0.022
Vietnam,VNM,2021-06-05,1243304,1209672,33632,,25697,24014,1.27,1.23,0.03,,245,23487,0.024
Vietnam,VNM,2021-06-06,1248559,1214916,33643,,5255,22844,1.27,1.24,0.03,,233,22362,0.023
Vietnam,VNM,2021-06-07,1340098,1301932,38166,,91539,34000,1.37,1.33,0.04,,346,32919,0.034
Vietnam,VNM,2021-06-08,1354856,1312741,42115,,14758,35536,1.38,1.34,0.04,,362,33932,0.035
Vietnam,VNM,2021-06-09,1389887,1342708,47179,,35031,39968,1.42,1.37,0.05,,407,37682,0.038
Vietnam,VNM,2021-06-10,1411548,1361525,50023,,21661,36499,1.44,1.39,0.05,,372,33860,0.034
Vietnam,VNM,2021-06-11,1445723,1392596,53127,,34175,32588,1.47,1.42,0.05,,332,29627,0.03
Vietnam,VNM,2021-06-12,1454221,1399836,54385,,8498,30131,1.48,1.43,0.06,,307,27166,0.028
Vietnam,VNM,2021-06-13,1498323,1443058,55265,,44102,35681,1.53,1.47,0.06,,363,32592,0.033
Vietnam,VNM,2021-06-14,1552651,1493043,59608,,54328,30365,1.58,1.52,0.06,,309,27302,0.028
Vietnam,VNM,2021-06-15,1648072,1584436,63636,,95421,41888,1.68,1.61,0.06,,427,38814,0.04
Vietnam,VNM,2021-06-16,1773297,1700972,72325,,125225,54773,1.81,1.73,0.07,,558,51181,0.052
Vietnam,VNM,2021-06-17,1991059,1901226,89833,,217762,82787,2.03,1.94,0.09,,843,77100,0.079
Vietnam,VNM,2021-06-18,2233208,2127352,105856,,242149,112498,2.27,2.17,0.11,,1146,104965,0.107
Vietnam,VNM,2021-06-19,2359376,2244061,115315,,126168,129308,2.4,2.29,0.12,,1317,120604,0.123
Vietnam,VNM,2021-06-20,2422643,2300960,121683,,63267,132046,2.47,2.34,0.12,,1345,122557,0.125
Vietnam,VNM,2021-06-21,,,,,,134750,,,,,1373,125013,0.127
Vietnam,VNM,2021-06-22,2569156,2435313,133843,,,131583,2.62,2.48,0.14,,1340,121554,0.124
Vietnam,VNM,2021-06-23,2626337,2488655,137682,,57181,121863,2.68,2.54,0.14,,1241,112526,0.115
Vietnam,VNM,2021-06-24,2920248,2777127,143121,,293911,132741,2.97,2.83,0.15,,1352,125129,0.127
Vietnam,VNM,2021-06-25,3087580,2937264,150316,,167332,122053,3.15,2.99,0.15,,1243,115702,0.118
Vietnam,VNM,2021-06-26,3299232,3143744,155488,,211652,134265,3.36,3.2,0.16,,1368,128526,0.131
Vietnam,VNM,2021-06-27,3386607,3229471,157136,,87375,137709,3.45,3.29,0.16,,1403,132644,0.135
Vietnam,VNM,2021-06-28,3497104,3324110,172994,,110497,143029,3.56,3.39,0.18,,1457,136568,0.139
Vietnam,VNM,2021-06-29,3593970,3411489,182481,,96866,146402,3.66,3.48,0.19,,1491,139454,0.142
Vietnam,VNM,2021-06-30,3776980,3583939,193041,,183010,164378,3.85,3.65,0.2,,1674,156469,0.159
Vietnam,VNM,2021-07-01,3813767,3609761,204006,,36787,127646,3.88,3.68,0.21,,1300,118948,0.121
Vietnam,VNM,2021-07-02,3842646,3628241,214405,,28879,107867,3.91,3.7,0.22,,1099,98711,0.101
Vietnam,VNM,2021-07-03,3867407,3648805,218602,,24761,81168,3.94,3.72,0.22,,827,72152,0.073
Vietnam,VNM,2021-07-04,3890855,3667519,223336,,23448,72035,3.96,3.74,0.23,,734,62578,0.064
Vietnam,VNM,2021-07-05,3903105,3676247,226858,,12250,58000,3.98,3.74,0.23,,591,50305,0.051
Vietnam,VNM,2021-07-06,3928001,3692431,235570,,24896,47719,4.0,3.76,0.24,,486,40135,0.041
Vietnam,VNM,2021-07-07,3960956,3719043,241913,,32955,26282,4.03,3.79,0.25,,268,19301,0.02
Vietnam,VNM,2021-07-08,3983800,3734268,249532,,22844,24290,4.06,3.8,0.25,,247,17787,0.018
Vietnam,VNM,2021-07-09,4010786,3752512,258274,,26986,24020,4.09,3.82,0.26,,245,17753,0.018
Vietnam,VNM,2021-07-10,4040783,3769374,271409,,29997,24768,4.12,3.84,0.28,,252,17224,0.018
Vietnam,VNM,2021-07-11,4051585,3774138,277447,,10802,22961,4.13,3.84,0.28,,234,15231,0.016
Vietnam,VNM,2021-07-12,4063872,3783505,280367,,12287,22967,4.14,3.85,0.29,,234,15323,0.016
Vietnam,VNM,2021-07-13,4079066,3795182,283884,,15194,21581,4.16,3.87,0.29,,220,14679,0.015
Vietnam,VNM,2021-07-14,4146767,3859995,286772,,67701,26544,4.22,3.93,0.29,,270,20136,0.021
Vietnam,VNM,2021-07-15,4185623,3890947,294676,,38856,28832,4.26,3.96,0.3,,294,22383,0.023
Vietnam,VNM,2021-07-16,4233896,3935719,298177,,48273,31873,4.31,4.01,0.3,,325,26172,0.027
Vietnam,VNM,2021-07-17,4261252,3956254,304998,,27356,31496,4.34,4.03,0.31,,321,26697,0.027
Vietnam,VNM,2021-07-18,4283906,3977431,306475,,22654,33189,4.36,4.05,0.31,,338,29042,0.03
Vietnam,VNM,2021-07-19,4305501,3995710,309791,,21595,34518,4.39,4.07,0.32,,352,30315,0.031
Vietnam,VNM,2021-07-20,4336833,4019161,317672,,31332,36824,4.42,4.09,0.32,,375,31997,0.033
Vietnam,VNM,2021-07-21,4367939,4042984,324955,,31106,31596,4.45,4.12,0.33,,322,26141,0.027
Vietnam,VNM,2021-07-22,4411659,4077099,334560,,43720,32291,4.49,4.15,0.34,,329,26593,0.027
Vietnam,VNM,2021-07-23,4478757,4125156,353601,,67098,34980,4.56,4.2,0.36,,356,27062,0.028
Vietnam,VNM,2021-07-24,4535741,4163388,372353,,56984,39213,4.62,4.24,0.38,,399,29591,0.03
Vietnam,VNM,2021-07-25,4613491,4223628,389863,,77750,47084,4.7,4.3,0.4,,480,35171,0.036
Vietnam,VNM,2021-07-26,4746642,4323571,423071,,133151,63020,4.84,4.4,0.43,,642,46837,0.048
Vietnam,VNM,2021-07-27,5013175,4562339,450836,,266533,96620,5.11,4.65,0.46,,984,77597,0.079
Vietnam,VNM,2021-07-28,5321839,4825209,496630,,308664,136271,5.42,4.92,0.51,,1388,111746,0.114
Vietnam,VNM,2021-07-29,5529898,4983496,546402,,208059,159748,5.63,5.08,0.56,,1627,129485,0.132
Vietnam,VNM,2021-07-30,5931376,5342483,588893,,401478,207517,6.04,5.44,0.6,,2114,173904,0.177
Vietnam,VNM,2021-07-31,6203866,5583255,620611,,272490,238304,6.32,5.69,0.63,,2427,202838,0.207
Vietnam,VNM,2021-08-01,6415219,5756155,659064,,211353,257390,6.53,5.86,0.67,,2622,218932,0.223
Vietnam,VNM,2021-08-02,6959197,6246333,712864,,543978,316079,7.09,6.36,0.73,,3220,274680,0.28
Vietnam,VNM,2021-08-03,7291808,6547477,744331,,332611,325519,7.43,6.67,0.76,,3316,283591,0.289
Vietnam,VNM,2021-08-04,7553318,6774332,778986,,261510,318783,7.69,6.9,0.79,,3247,278446,0.284
Vietnam,VNM,2021-08-05,8061116,7241093,820023,,507798,361603,8.21,7.38,0.84,,3683,322514,0.329
Vietnam,VNM,2021-08-06,8528267,7664944,863323,,467151,370984,8.69,7.81,0.88,,3779,331780,0.338
Vietnam,VNM,2021-08-07,8896615,8008156,888459,,368348,384678,9.06,8.16,0.91,,3919,346414,0.353
Vietnam,VNM,2021-08-08,9405819,8460013,945806,,509204,427229,9.58,8.62,0.96,,4352,386265,0.393
Vietnam,VNM,2021-08-09,9987587,8984300,1003287,,581768,432627,10.17,9.15,1.02,,4407,391138,0.398
Vietnam,VNM,2021-08-10,11341864,10305762,1036102,,1354277,578579,11.55,10.5,1.06,,5894,536898,0.547
Vietnam,VNM,2021-08-11,12098821,11006121,1092700,,756957,649358,12.32,11.21,1.11,,6615,604541,0.616
Vietnam,VNM,2021-08-12,13256472,12064617,1191855,,1157651,742194,13.5,12.29,1.21,,7560,689075,0.702
Vietnam,VNM,2021-08-13,13772920,12500947,1271973,,516448,749236,14.03,12.73,1.3,,7632,690858,0.704
Vietnam,VNM,2021-08-14,14434017,13078340,1355677,,661097,791057,14.7,13.32,1.38,,8058,724312,0.738
Vietnam,VNM,2021-08-15,14666708,13287434,1379274,,232691,751556,14.94,13.54,1.41,,7656,689632,0.702
Vietnam,VNM,2021-08-16,15271562,13869728,1401834,,604854,754854,15.56,14.13,1.43,,7689,697918,0.711
Vietnam,VNM,2021-08-17,15518869,14032444,1486425,,247307,596715,15.81,14.29,1.51,,6078,532383,0.542
Vietnam,VNM,2021-08-18,15922537,14359868,1562669,,403668,546245,16.22,14.63,1.59,,5564,479107,0.488
Vietnam,VNM,2021-08-19,16306199,14669827,1636372,,383662,435675,16.61,14.94,1.67,,4438,372173,0.379
Vietnam,VNM,2021-08-20,16494665,14787599,1707066,,188466,388821,16.8,15.06,1.74,,3961,326665,0.333
Vietnam,VNM,2021-08-21,17065896,15274648,1791248,,571231,375983,17.38,15.56,1.82,,3830,313758,0.32
Vietnam,VNM,2021-08-22,17364569,15530221,1834348,,298673,385409,17.69,15.82,1.87,,3926,320398,0.326
Vietnam,VNM,2021-08-23,17647353,15725040,1922313,,282784,339399,17.98,16.02,1.96,,3457,265045,0.27
Vietnam,VNM,2021-08-24,18095473,16056222,2039251,,448120,368086,18.43,16.36,2.08,,3750,289111,0.295
Vietnam,VNM,2021-08-25,18522203,16382658,2139545,,426730,371381,18.87,16.69,2.18,,3783,288970,0.294
Vietnam,VNM,2021-08-26,18843004,16607991,2235013,,320801,362401,19.19,16.92,2.28,,3692,276881,0.282
Vietnam,VNM,2021-08-27,19151122,16822691,2328431,,308118,379494,19.51,17.14,2.37,,3866,290727,0.296
Vietnam,VNM,2021-08-28,19431093,16999888,2431205,,279971,337885,19.79,17.32,2.48,,3442,246463,0.251
Vietnam,VNM,2021-08-29,19710560,17186153,2524407,,279467,335142,20.08,17.51,2.57,,3414,236562,0.241
Vietnam,VNM,2021-08-30,19966724,17347538,2619186,,256164,331339,20.34,17.67,2.67,,3375,231785,0.236
Vietnam,VNM,2021-08-31,20210381,17483818,2726563,,243657,302130,20.59,17.81,2.78,,3078,203942,0.208
Vietnam,VNM,2021-09-01,20542325,17660772,2881553,,331944,288589,20.93,17.99,2.94,,2940,182588,0.186
Vietnam,VNM,2021-09-02,20831478,17872356,2959122,,289153,284068,21.22,18.21,3.01,,2894,180624,0.184
Vietnam,VNM,2021-09-03,21046279,17998754,3047525,,214801,270737,21.44,18.33,3.1,,2758,168009,0.171
Vietnam,VNM,2021-09-04,21445181,18246636,3198545,,398902,287727,21.85,18.59,3.26,,2931,178107,0.181
Vietnam,VNM,2021-09-05,22012123,18673340,3338783,,566942,328795,22.42,19.02,3.4,,3349,212455,0.216
Vietnam,VNM,2021-09-06,22675644,19231238,3444406,,663521,386989,23.1,19.59,3.51,,3942,269100,0.274
Vietnam,VNM,2021-09-07,23577917,19809234,3768683,,902273,481077,24.02,20.18,3.84,,4901,332202,0.338
Vietnam,VNM,2021-09-08,24781185,20591403,4189782,,1203268,605551,25.24,20.98,4.27,,6168,418662,0.426
Vietnam,VNM,2021-09-09,25926688,21459102,4467586,,1145503,727887,26.41,21.86,4.55,,7415,512392,0.522
Vietnam,VNM,2021-09-10,27108588,22367824,4740764,,1181900,866044,27.61,22.79,4.83,,8822,624153,0.636
Vietnam,VNM,2021-09-11,28213392,23157067,5056325,,1104804,966887,28.74,23.59,5.15,,9849,701490,0.715
Vietnam,VNM,2021-09-12,29280307,23954248,5326059,,1066915,1038312,29.83,24.4,5.43,,10577,754415,0.768
Vietnam,VNM,2021-09-13,30348920,24727517,5621403,,1068613,1096182,30.92,25.19,5.73,,11166,785183,0.8
Vietnam,VNM,2021-09-14,31254856,25420169,5834687,,905936,1096706,31.84,25.89,5.94,,11172,801562,0.817
Vietnam,VNM,2021-09-15,32296517,26307653,5988864,,1041661,1073619,32.9,26.8,6.1,,10936,816607,0.832
Vietnam,VNM,2021-09-16,33006632,26821906,6184726,,710115,1011421,33.62,27.32,6.3,,10303,766115,0.78
Vietnam,VNM,2021-09-17,33555359,27208264,6347095,,548727,920967,34.18,27.72,6.47,,9381,691491,0.704
Vietnam,VNM,2021-09-18,34095243,27577472,6517771,,539884,840264,34.73,28.09,6.64,,8559,631486,0.643
Vietnam,VNM,2021-09-19,34553590,27913529,6640061,,458347,753326,35.2,28.43,6.76,,7674,565612,0.576
Vietnam,VNM,2021-09-20,35071714,28288007,6783707,,518124,674685,35.73,28.82,6.91,,6873,508641,0.518
Vietnam,VNM,2021-09-21,35675840,28745680,6930160,,604126,631569,36.34,29.28,7.06,,6433,475073,0.484
Vietnam,VNM,2021-09-22,36152556,29094447,7058109,,476716,550863,36.83,29.64,7.19,,5611,398113,0.406
Vietnam,VNM,2021-09-23,36793910,29534498,7259412,,641354,541040,37.48,30.09,7.39,,5511,387513,0.395
Vietnam,VNM,2021-09-24,37583248,30027703,7555545,,789338,575413,38.28,30.59,7.7,,5861,402777,0.41
Vietnam,VNM,2021-09-25,38367246,30420963,7946283,,783998,610286,39.08,30.99,8.09,,6217,406213,0.414
Vietnam,VNM,2021-09-26,39232772,30946214,8286558,,865526,668455,39.96,31.52,8.44,,6809,433241,0.441
Vietnam,VNM,2021-09-27,40095031,31497967,8597064,,862259,717617,40.84,32.09,8.76,,7310,458566,0.467
Vietnam,VNM,2021-09-28,41153041,32171641,8981400,,1058010,782457,41.92,32.77,9.15,,7971,489423,0.499
Vietnam,VNM,2021-09-29,42165168,32669057,9496111,,1012127,858945,42.95,33.28,9.67,,8750,510659,0.52
Vietnam,VNM,2021-09-30,42888157,33069709,9818448,,722989,870607,43.69,33.69,10.0,,8868,505030,0.514
Vietnam,VNM,2021-10-01,43658818,33532395,10126423,,770661,867939,44.47,34.16,10.32,,8841,500670,0.51
Vietnam,VNM,2021-10-02,44637911,34155519,10482392,,979093,895809,45.47,34.79,10.68,,9125,533508,0.543
Vietnam,VNM,2021-10-03,45496123,34622194,10873929,,858212,894764,46.34,35.27,11.08,,9115,525140,0.535
Vietnam,VNM,2021-10-04,46969510,35355593,11613917,,1473387,982068,47.85,36.02,11.83,,10004,551089,0.561
Vietnam,VNM,2021-10-05,48155037,35933360,12221677,,1185527,1000285,49.05,36.6,12.45,,10189,537388,0.547
Vietnam,VNM,2021-10-06,49254925,36448527,12806398,,1099888,1012822,50.17,37.13,13.05,,10317,539924,0.55
Vietnam,VNM,2021-10-07,,,,,,1103337,,,,,11239,573899,0.585
Vietnam,VNM,2021-10-08,51968108,37725480,14242628,,,1187041,52.94,38.43,14.51,,12092,599012,0.61
Vietnam,VNM,2021-10-09,,,,,,1212275,,,,,12349,579470,0.59
Vietnam,VNM,2021-10-10,54279564,38698136,15581428,,,1254777,55.29,39.42,15.87,,12782,582277,0.593
Vietnam,VNM,2021-10-11,55229124,39088086,16141038,,949560,1179945,56.26,39.82,16.44,,12020,533213,0.543
Vietnam,VNM,2021-10-12,56330750,39837150,16493600,,1101626,1167959,57.38,40.58,16.8,,11897,557684,0.568
Vietnam,VNM,2021-10-13,57457092,40654892,16802200,,1126342,1171738,58.53,41.41,17.12,,11936,600909,0.612
Vietnam,VNM,2021-10-14,59003239,41811429,17191810,,1546147,1198818,60.1,42.59,17.51,,12212,674918,0.688
Vietnam,VNM,2021-10-15,,,,,,1213354,,,,,12360,745054,0.759
Vietnam,VNM,2021-10-16,61919937,44070286,17849651,,,1256586,63.07,44.89,18.18,,12800,836925,0.853
Vietnam,VNM,2021-10-17,63434180,45281937,18152243,,1514243,1307802,64.62,46.13,18.49,,13322,940543,0.958
Vietnam,VNM,2021-10-18,64992488,46493751,18498737,,1558308,1394766,66.2,47.36,18.84,,14208,1057952,1.078
Vietnam,VNM,2021-10-19,67083557,47997541,19086016,,2091069,1536115,68.33,48.89,19.44,,15648,1165770,1.188
Vietnam,VNM,2021-10-20,68809880,49352317,19457563,,1726323,1621827,70.09,50.27,19.82,,16521,1242489,1.266
Vietnam,VNM,2021-10-21,,,,,,1620901,,,,,16511,1206232,1.229
Vietnam,VNM,2021-10-22,71889209,51157792,20731417,,,1632517,73.23,52.11,21.12,,16630,1173848,1.196
Vietnam,VNM,2021-10-23,72929311,51883474,21045837,,1040102,1572768,74.29,52.85,21.44,,16021,1116170,1.137
Vietnam,VNM,2021-10-24,,,,,,1500810,,,,,15288,1031820,1.051
Vietnam,VNM,2021-10-25,74950393,53125886,,,,1422558,76.35,54.12,,,14491,947448,0.965
Vietnam,VNM,2021-10-26,75970872,53738466,,,1020479,1269616,77.39,54.74,,,12933,820132,0.835
Vietnam,VNM,2021-10-27,77145612,54520772,,,1174740,1190819,78.58,55.54,,,12130,738351,0.752
Vietnam,VNM,2021-10-28,78940403,55578783,,,1794791,1227266,80.41,56.62,,,12502,760533,0.775
Vietnam,VNM,2021-10-29,80528570,56616780,,,1588167,1234194,82.03,57.67,,,12572,779855,0.794
Vietnam,VNM,2021-10-30,81375376,57044159,,,846806,1206581,82.89,58.11,,,12291,737241,0.751
Vietnam,VNM,2021-10-31,81929875,57332644,,,554499,1141432,83.46,58.4,,,11627,689709,0.703
Vietnam,VNM,2021-11-01,83131464,58013895,,,1201589,1168724,84.68,59.1,,,11905,698287,0.711
Vietnam,VNM,2021-11-02,84090899,58449622,,,959435,1160004,85.66,59.54,,,11816,673022,0.686
Vietnam,VNM,2021-11-03,84884074,58807646,,,793175,1105495,86.47,59.9,,,11261,612411,0.624
Vietnam,VNM,2021-11-04,86319808,59355699,,,1435734,1054201,87.93,60.46,,,10739,539559,0.55
Vietnam,VNM,2021-11-05,,,,,,1063098,,,,,10829,497682,0.507
Vietnam,VNM,2021-11-06,89620701,60845405,,,,1177904,91.29,61.98,,,11999,543035,0.553
Vietnam,VNM,2021-11-07,,,,,,1283734,,,,,13077,577691,0.588
Vietnam,VNM,2021-11-08,92211330,61907563,,,,1297124,93.93,63.06,,,13213,556238,0.567
Vietnam,VNM,2021-11-09,93962665,62806992,,,1751335,1410252,95.72,63.98,,,14366,622481,0.634
Vietnam,VNM,2021-11-10,,,,,,1482284,,,,,15099,633848,0.646
Vietnam,VNM,2021-11-11,96557452,63682168,,,,1462521,98.36,64.87,,,14898,618067,0.63
Vietnam,VNM,2021-11-12,97831758,64073710,,,1274306,1408786,99.66,65.27,,,14351,567594,0.578
Vietnam,VNM,2021-11-13,98930571,64322087,,,1098813,1329981,100.78,65.52,,,13548,496669,0.506
Vietnam,VNM,2021-11-14,99751224,64467940,,,820653,1262173,101.61,65.67,,,12857,441637,0.45
Vietnam,VNM,2021-11-15,100862898,64767521,,,1111674,1235938,102.74,65.98,,,12590,408565,0.416
Vietnam,VNM,2021-11-16,102030576,65222953,,,1167678,1152559,103.93,66.44,,,11741,345137,0.352
Vietnam,VNM,2021-11-17,103573065,65772961,,,1542489,1187572,105.51,67.0,,,12097,361197,0.368
Vietnam,VNM,2021-11-18,,,,,,1214390,,,,,12370,349428,0.356
Vietnam,VNM,2021-11-19,106543301,66483363,,,,1244506,108.53,67.72,,,12677,344236,0.351
Vietnam,VNM,2021-11-20,107861131,66706890,,,1317830,1275794,109.87,67.95,,,12996,340686,0.347
Vietnam,VNM,2021-11-21,108915813,66916471,,,1054682,1309227,110.95,68.16,,,13336,349790,0.356
Vietnam,VNM,2021-11-22,110917609,67337689,,,2001796,1436387,112.99,68.59,,,14632,367167,0.374
Vietnam,VNM,2021-11-23,112944634,67824005,,,2027025,1559151,115.05,69.09,,,15882,371579,0.379
Vietnam,VNM,2021-11-24,114591610,68490909,,,1646976,1574078,116.73,69.77,,,16034,388278,0.396
Vietnam,VNM,2021-11-25,116328185,68934236,,,1736575,1610000,118.5,70.22,,,16400,400868,0.408
Vietnam,VNM,2021-11-26,117691092,69309495,,,1362907,1592542,119.89,70.6,,,16222,403733,0.411
Vietnam,VNM,2021-11-27,118768386,69747303,,,1077294,1558179,120.98,71.05,,,15872,434345,0.442
Vietnam,VNM,2021-11-28,120644108,70958765,,,1875722,1675471,122.89,72.28,,,17067,577471,0.588
Vietnam,VNM,2021-11-29,122083464,71143392,,,1439356,1595122,124.36,72.47,,,16249,543672,0.554
Vietnam,VNM,2021-11-30,,,,,,1525634,,,,,15541,565934,0.576
Vietnam,VNM,2021-12-01,125164684,72427696,,,,1510439,127.5,73.78,,,15386,562398,0.573
Vietnam,VNM,2021-12-02,125955995,72731280,53224715,,791311,1375401,128.31,74.09,54.22,,14011,542435,0.553
Vietnam,VNM,2021-12-03,126846771,73155299,,,890776,1307954,129.21,74.52,,,13324,549401,0.56
Vietnam,VNM,2021-12-04,,,,,,1224200,,,,,12470,503847,0.513
Vietnam,VNM,2021-12-05,127828796,73393169,,,,1026384,130.21,74.76,,,10455,347772,0.354
Vietnam,VNM,2021-12-06,128675533,73663229,,,846737,941724,131.08,75.04,,,9593,359977,0.367
Vietnam,VNM,2021-12-07,129408202,73899767,,,732669,826304,131.82,75.28,,,8417,302032,0.308
Vietnam,VNM,2021-12-08,129965296,74039917,,,557094,685802,132.39,75.42,,,6986,230317,0.235
Vietnam,VNM,2021-12-09,131033342,74647961,56385381,,1068046,725335,133.48,76.04,57.44,,7389,273812,0.279
Vietnam,VNM,2021-12-10,131816392,74713350,,,783050,709946,134.28,76.11,,,7232,222579,0.227
Vietnam,VNM,2021-12-11,132266442,74832161,,,450050,704094,134.73,76.23,,,7172,222561,0.227
Vietnam,VNM,2021-12-12,132873501,74907297,,,607059,720672,135.35,76.3,,,7341,216304,0.22
Vietnam,VNM,2021-12-13,,,,,,766088,,,,,7804,194359,0.198
Vietnam,VNM,2021-12-14,135202794,75140181,,,,827799,137.72,76.54,,,8432,177202,0.181
Vietnam,VNM,2021-12-15,135736968,75215180,,,534174,824525,138.27,76.62,,,8399,167895,0.171
Vietnam,VNM,2021-12-16,,,,,,803207,,,,,8182,110751,0.113
Vietnam,VNM,2021-12-17,137574609,75631255,,,,822602,140.14,77.04,,,8379,131129,0.134
Vietnam,VNM,2021-12-18,138772562,75697403,,,1197953,929446,141.36,77.11,,,9468,123606,0.126
Vietnam,VNM,2021-12-19,,,,,,978377,,,,,9966,140932,0.144
Vietnam,VNM,2021-12-20,,,,,,947654,,,,,9653,152358,0.155
Vietnam,VNM,2021-12-21,,,,,,916930,,,,,9340,163783,0.167
Vietnam,VNM,2021-12-22,,,,,,976274,,,,,9945,181129,0.185
Vietnam,VNM,2021-12-23,143520464,76679502,,,,980668,146.2,78.11,,,9990,179469,0.183
Vietnam,VNM,2021-12-24,144513779,76881418,,,993315,991310,147.21,78.32,,,10098,178595,0.182
Vietnam,VNM,2021-12-25,145595435,77074627,,,1081656,974696,148.31,78.51,,,9929,196746,0.2
Vietnam,VNM,2021-12-26,146335052,77138616,,,739617,944701,149.06,78.58,,,9623,177828,0.181
Vietnam,VNM,2021-12-27,,,,,,942176,,,,,9598,165440,0.169
Vietnam,VNM,2021-12-28,148198862,77358030,,,,939651,150.96,78.8,,,9572,153053,0.156
Vietnam,VNM,2021-12-29,,,,,,999501,,,,,10181,139098,0.142
Vietnam,VNM,2021-12-30,150935915,77555511,68435813,,,1059350,153.75,79.0,69.71,,10791,125144,0.127
Vietnam,VNM,2021-12-31,,,,,,1044164,,,,,10636,107775,0.11
Vietnam,VNM,2022-01-01,,,,,,1016358,,,,,10353,91649,0.093
Vietnam,VNM,2022-01-02,153596950,77796499,,,,1037414,156.46,79.25,,,10568,93983,0.096
Vietnam,VNM,2022-01-03,154344391,77850611,,,747441,1011062,157.22,79.3,,,10299,86041,0.088
Vietnam,VNM,2022-01-04,,,,,,1060625,,,,,10804,88938,0.091
Vietnam,VNM,2022-01-05,156902083,78110585,,,,1047814,159.83,79.57,,,10674,93402,0.095
Vietnam,VNM,2022-01-06,157740557,78146683,,,838474,972092,160.68,79.6,,,9902,84453,0.086
Vietnam,VNM,2022-01-07,,,,,,1009135,,,,,10280,80197,0.082
Vietnam,VNM,2022-01-08,160033187,78247751,,,,1046178,163.02,79.71,,,10657,75940,0.077
Vietnam,VNM,2022-01-09,161277807,78291624,,,1244620,1097265,164.29,79.75,,,11177,70732,0.072
Vietnam,VNM,2022-01-10,162375421,78389408,,,1097614,1147290,165.4,79.85,,,11687,76971,0.078
Vietnam,VNM,2022-01-11,163533682,78413199,,,1158261,1130064,166.58,79.88,,,11511,61800,0.063
Vietnam,VNM,2022-01-12,,,,,,1089549,,,,,11099,51414,0.052
Vietnam,VNM,2022-01-13,165524173,78527765,71946807,,,1111945,168.61,79.99,73.29,,11327,54440,0.055
Vietnam,VNM,2022-01-14,,,,,,1103973,,,,,11246,52463,0.053
Vietnam,VNM,2022-01-15,,,,,,1096002,,,,,11164,50486,0.051
Vietnam,VNM,2022-01-16,,,,,,1073987,,,,,10940,49460,0.05
Vietnam,VNM,2022-01-17,,,,,,1072972,,,,,10930,40733,0.041
Vietnam,VNM,2022-01-18,,,,,,1063294,,,,,10831,42576,0.043
Vietnam,VNM,2022-01-19,,,,,,1076904,,,,,10970,39634,0.04
Vietnam,VNM,2022-01-20,,,,,,1090513,,,,,11109,36693,0.037
Vietnam,VNM,2022-01-21,,,,,,1090513,,,,,11109,36693,0.037
Vietnam,VNM,2022-01-22,,,,,,1090513,,,,,11109,36693,0.037
Vietnam,VNM,2022-01-23,176429307,78894694,,,,1090513,179.72,80.37,,,11109,36693,0.037
Vietnam,VNM,2022-01-24,177388045,78919564,,,958738,1071688,180.7,80.39,,,10917,35004,0.036
Vietnam,VNM,2022-01-25,,,,,,1073445,,,,,10935,34630,0.035
Vietnam,VNM,2022-01-26,179593670,78987718,,,,1075202,182.94,80.46,,,10953,34257,0.035
Vietnam,VNM,2022-01-27,,,,,,1011060,,,,,10299,32873,0.033
Vietnam,VNM,2022-01-28,180876701,79041734,,,,946917,184.25,80.52,,,9646,31489,0.032
Vietnam,VNM,2022-01-29,181118415,79055543,,,241714,825660,184.5,80.53,,,8411,28220,0.029
Vietnam,VNM,2022-01-30,181280001,79059864,,,161586,692956,184.66,80.53,,,7059,23596,0.024
Vietnam,VNM,2022-01-31,,,,,,577553,,,,,5883,21400,0.022
Vietnam,VNM,2022-02-01,181581833,79078859,,,,441568,184.97,80.55,,,4498,17888,0.018
Vietnam,VNM,2022-02-02,181659091,79080702,,,77258,295060,185.05,80.56,,,3006,13283,0.014
Vietnam,VNM,2022-02-03,181665411,79080967,,,6320,204318,185.05,80.56,,,2081,9463,0.01
Vietnam,VNM,2022-02-04,181665411,79080967,74187748,,0,112673,185.05,80.56,75.57,,1148,5605,0.006
Vietnam,VNM,2022-02-05,,,,,,151858,,,,,1547,6254,0.006
Vietnam,VNM,2022-02-06,,,,,,202490,,,,,2063,8259,0.008
Vietnam,VNM,2022-02-07,,,,,,254646,,,,,2594,9525,0.01
Vietnam,VNM,2022-02-08,183729446,79154392,,,,306802,187.16,80.63,,,3125,10790,0.011
Vietnam,VNM,2022-02-09,184129785,79162150,,,400339,352956,187.56,80.64,,,3595,11635,0.012
Vietnam,VNM,2022-02-10,184868879,79166489,76057017,29629103,739094,457638,188.32,80.64,77.48,30.18,4662,12217,0.012
Vietnam,VNM,2022-02-11,185254387,79203047,76112928,29938412,385508,512711,188.71,80.68,77.53,30.5,5223,17440,0.018
Vietnam,VNM,2022-02-12,185731134,79212013,76162865,30356256,476747,507102,189.2,80.69,77.58,30.92,5166,16099,0.016
Vietnam,VNM,2022-02-13,186001127,79216176,76182386,30602565,269993,471957,189.47,80.69,77.6,31.17,4808,14071,0.014
Vietnam,VNM,2022-02-14,,,,,,526030,,,,,5358,12950,0.013
Vietnam,VNM,2022-02-15,,,,,,580104,,,,,5909,11830,0.012
Vietnam,VNM,2022-02-16,,,,,,650702,,,,,6628,12224,0.012
Vietnam,VNM,2022-02-17,,,,,,672906,,,,,6855,13106,0.013
Vietnam,VNM,2022-02-18,,,,,,745622,,,,,7595,9385,0.01
Vietnam,VNM,2022-02-19,191368265,,,35028147,,805304,194.94,,,35.68,8203,9606,0.01
Vietnam,VNM,2022-02-20,191667067,,,35300265,298802,809420,195.24,,,35.96,8245,10513,0.011
Vietnam,VNM,2022-02-21,191993381,,,35599393,326314,728247,195.57,,,36.26,7418,10513,0.011
Vietnam,VNM,2022-02-22,192403472,,,35952404,410091,659043,195.99,,,36.62,6713,10513,0.011
Vietnam,VNM,2022-02-23,192677323,,76747997,36467189,273851,570375,196.27,,78.18,37.15,5810,10513,0.011
Vietnam,VNM,2022-02-24,192865977,,76764139,36632448,188654,469537,196.46,,78.2,37.32,4783,10513,0.011
Vietnam,VNM,2022-02-25,193274685,,76773585,37027220,408708,400135,196.88,,78.21,37.72,4076,10513,0.011
Vietnam,VNM,2022-02-26,193408292,,76783305,37146717,133607,291432,197.02,,78.22,37.84,2969,10513,0.011
Vietnam,VNM,2022-02-27,193625095,,76799876,37343193,216803,279718,197.24,,78.23,38.04,2849,10513,0.011
Vietnam,VNM,2022-02-28,194970502,79373871,77052498,38544133,1345407,425303,198.61,80.85,78.49,39.26,4332,10513,0.011
Vietnam,VNM,2022-03-01,195308572,79381128,77071397,38856047,338070,415014,198.95,80.86,78.51,39.58,4228,10048,0.01
Vietnam,VNM,2022-03-02,195672969,79416167,77095637,39161165,364397,427949,199.32,80.9,78.53,39.89,4359,13552,0.014
